Fold,FNR,FPR,auc,optimal threshold,Error Rate,f1,precision,recall
0.0,0.4781906300484653,0.10894181960171807,0.7208031936737151,,0.14875457237415085,0.4306666666666667,0.5218093699515347,0.36662883087400683
1.0,0.49686520376175547,0.10582010582010581,0.7244834773570406,,0.14927712941996168,0.428285523682455,0.5031347962382445,0.37282229965156793
2.0,0.4729064039408867,0.12940947183784837,0.7288069012240547,,0.16585365853658537,0.40276035131744037,0.5270935960591133,0.32588832487309644
3.0,0.36976047904191617,0.1713328075709779,0.7540425359848126,,0.19442508710801393,0.43003064351378956,0.6302395209580839,0.3263565891472868
4.0,0.44049459041731065,0.13881798547025329,0.7340716157067417,,0.17282229965156795,0.4219114219114219,0.5595054095826894,0.33863423760523853
