,Model,FNR,FPR,auc,f1,recall,precision,Error Rate,sensitivity,specificity,accuracy
0,../data/SelectedFeatures/Model1NoDrugQs/RFECV.csv,0.49889135254988914,0.1418794419584101,0.7484973143241687,0.3717105263157895,0.2954248366013072,0.5011086474501109,0.17976470588235294,0.5011086474501109,0.8581205580415899,0.8202352941176471
