Fold,FNR,FPR,auc,optimal threshold,Error Rate,f1,precision,recall
0.0,0.5008077544426495,0.07946114798906677,0.781000297112333,,0.12489113394878941,0.46292134831460674,0.4991922455573506,0.43156424581005587
1.0,0.49059561128526646,0.0860278267685675,0.7857536012069857,,0.1309876328165825,0.46362339514978607,0.5094043887147336,0.42539267015706805
2.0,0.5648604269293924,0.06918729292535568,0.7455228033726544,,0.12177700348432055,0.4312449145646867,0.4351395730706076,0.4274193548387097
3.0,0.47155688622754494,0.10055205047318612,0.7647123930372693,,0.1437282229965157,0.4611365120836055,0.5284431137724551,0.40903823870220163
4.0,0.4605873261205564,0.09797761633614765,0.7764795817880163,,0.13885017421602788,0.4668896321070234,0.5394126738794436,0.4115566037735849
