,data,accuracy,f1,recall,precision
0,data/SelectedFeatures/Model1/RFECV.csv,0.639537314472859,0.3137436985937915,0.19882303488860867,0.7434768940584722
1,data/SelectedFeatures/Model1NoDrugQs/RFECV.csv,0.39129677374398997,0.08216443393748359,0.049325091459568565,0.24583464319396417
2,data/SelectedFeatures/Model1NoDummies/RFECV.csv,0.3830395094418507,0.08928204073235961,0.05337268646621165,0.2728701666142722
3,data/SelectedFeatures/Model1NoDrugQsNoDummies/RFECV.csv,0.38816110375583585,0.09268922758977008,0.05545937925064919,0.28198679660484127
4,data/SelectedFeatures/Model2/RFECV.csv,0.7214497299181042,0.6172484796245751,0.6231870044478824,0.6114220662176264
5,data/SelectedFeatures/Model2NoDrugQs/RFECV.csv,0.3401986408782018,0.2535189054922524,0.21690729995951963,0.3049995256617019
6,data/SelectedFeatures/Model2NoDummies/RFECV.csv,0.7107510019167103,0.624026091683276,0.5971391417425228,0.6534484394269994
7,data/SelectedFeatures/Model2NoDrugQsNoDummies/RFECV.csv,0.316396584770866,0.2705637364271902,0.2224940370619534,0.3451285456787781
