Fold,FNR,FPR,auc,optimal threshold,Error Rate,f1,precision,recall
0.0,0.481421647819063,0.09234673955486138,0.7444931711474276,,0.13429716077338444,0.4543524416135881,0.518578352180937,0.40428211586901763
1.0,0.39655172413793105,0.12404467960023516,0.7780251889447292,,0.15432851419613308,0.46497584541062803,0.603448275862069,0.3781925343811395
2.0,0.5024630541871922,0.08536347690508672,0.729574155484276,,0.12961672473867597,0.4488888888888889,0.4975369458128079,0.4089068825910931
3.0,0.45808383233532934,0.12066246056782334,0.735541584417915,,0.15993031358885018,0.440925700365408,0.5419161676646707,0.37166324435318276
4.0,0.46367851622874806,0.09895935597879442,0.74704029017007,,0.14006968641114984,0.46328437917222964,0.5363214837712519,0.40775558166862513
