,Model,FNR,FPR,auc,f1,recall,precision,Error Rate,sensitivity,specificity,accuracy
0,../data/SelectedFeatures/Model1NoDrugQs/RFECV.csv,0.6740576496674058,0.0744932877072914,0.7146883092703238,0.33371169125993183,0.34186046511627904,0.3259423503325942,0.13811764705882354,0.3259423503325942,0.9255067122927086,0.8618823529411764
