Fold,FNR,FPR,auc,optimal threshold,Error Rate,f1,precision,recall
0.0,0.5169628432956381,0.0784849668098399,0.8043283463459283,,0.12576206235847415,0.45303030303030306,0.48303715670436187,0.42653352353780316
1.0,0.47492163009404387,0.09856946893983931,0.8023094166133757,,0.1403936596411775,0.4539295392953929,0.5250783699059561,0.3997613365155131
2.0,0.4663382594417077,0.1062171116741376,0.8015805277749242,,0.14442508710801394,0.43948613928329955,0.5336617405582923,0.3735632183908046
3.0,0.4550898203592814,0.11218454258675079,0.8019420051852132,,0.15209059233449476,0.4547158026233604,0.5449101796407185,0.39013933547695606
4.0,0.49768160741885625,0.0734341252699784,0.8088237302404033,,0.12125435540069686,0.4829123328380386,0.5023183925811437,0.46494992846924177
