Fold,FNR,FPR,auc,optimal threshold,Error Rate,f1,precision,recall
0.0,0.47495961227786754,0.09039437719640765,0.7824825470159766,,0.1318585612262672,0.46197583511016344,0.5250403877221325,0.41243654822335024
1.0,0.46394984326018807,0.08916323731138547,0.8076627738185849,,0.13081344713464554,0.4766550522648084,0.5360501567398119,0.42910915934755334
2.0,0.5172413793103449,0.08088091989865523,0.7722736551928953,,0.12717770034843207,0.4461305007587253,0.4827586206896552,0.4146685472496474
3.0,0.46407185628742514,0.08832807570977919,0.779095840259544,,0.13205574912891985,0.485753052917232,0.5359281437125748,0.4441687344913151
4.0,0.5054095826893354,0.08717848026703318,0.7765974815874503,,0.1343205574912892,0.4535790219702339,0.4945904173106646,0.418848167539267
