Fold,FNR,FPR,auc,optimal threshold,Error Rate,f1,precision,recall
0.0,0.5282714054927302,0.07087075361187037,0.8044306955519572,,0.1201881205364919,0.45839874411302983,0.4717285945072698,0.44580152671755724
1.0,0.5438871473354232,0.07270233196159122,0.7933359625569077,,0.12506531963072637,0.44769230769230767,0.4561128526645768,0.4395770392749245
2.0,0.541871921182266,0.07172091210290392,0.775843507652861,,0.121602787456446,0.44426751592356684,0.458128078817734,0.4312210200927357
3.0,0.5224550898203593,0.08970820189274448,0.7858788534917547,,0.14006968641114984,0.44244105409153955,0.47754491017964074,0.41214470284237725
4.0,0.5363214837712519,0.08658943648144513,0.786321104428268,,0.1372822299651568,0.4322766570605187,0.46367851622874806,0.4048582995951417
