,Model,FNR,FPR,auc,f1,recall,precision,Error Rate,sensitivity,specificity,accuracy
0,../data/SelectedFeatures/Model2NoDrugQs/RFECV.csv,0.3985552763819096,0.25150489089541006,0.7322423228822821,0.5950901180857676,0.5888683886838868,0.6014447236180904,0.30658823529411766,0.6014447236180904,0.7484951091045899,0.6934117647058824
