,Model,FNR,FPR,auc,f1,recall,precision,Error Rate,sensitivity,specificity,accuracy
0,../data/SelectedFeatures/Model2NoDrugQs/RFECV.csv,0.1611180904522613,0.4802483069977427,0.7733462506286133,0.6353472882968602,0.5112940275650842,0.8388819095477387,0.36070588235294115,0.8388819095477387,0.5197516930022573,0.6392941176470588
