Fold,FNR,FPR,auc,optimal threshold,Error Rate,f1,precision,recall
0.0,0.4168012924071082,0.12866067942210074,0.7602442250761547,,0.15972827033617837,0.4405125076266016,0.5831987075928917,0.353921568627451
1.0,0.4561128526645768,0.10777973740936704,0.7456442734220512,,0.14649015850897057,0.4521172638436482,0.5438871473354232,0.38684503901895206
2.0,0.44170771756978655,0.10972519976612746,0.7472549258683574,,0.14494773519163764,0.4497354497354497,0.5582922824302134,0.37652270210409744
3.0,0.41317365269461076,0.13111198738170346,0.7512380109654507,,0.16393728222996515,0.4544927536231884,0.5868263473053892,0.3708609271523179
4.0,0.49768160741885625,0.10249361869232279,0.7282549221269549,,0.1470383275261324,0.43507362784471215,0.5023183925811437,0.3837072018890201
