,Model,FNR,FPR,auc,f1,recall,precision,Error Rate,sensitivity,specificity,accuracy
0,../data/SelectedFeatures/Model1/RFECV.csv,0.5144508670520231,0.07898089171974522,0.7965664003534481,0.46623496762257166,0.4483985765124555,0.48554913294797686,0.12983798379837982,0.48554913294797686,0.9210191082802548,0.8701620162016201
