,Model,FNR,FPR,auc,f1,recall,precision,Error Rate
0,../data/dfManual,0.0,1.0,0.5,0.5415162454873647,0.3712871287128713,1.0,0.6287128712871287
