Fold,FNR,FPR,auc,optimal threshold,Error Rate,f1,precision,recall
0.0,0.3505654281098546,0.19855525185474424,0.7836408750872886,,0.21494513151018987,0.39450441609421,0.6494345718901454,0.2832980972515856
1.0,0.3667711598746082,0.1959631589261219,0.7751250570535373,,0.21494513151018987,0.39569049951028407,0.6332288401253918,0.28774928774928776
2.0,0.3169129720853859,0.2026895342038589,0.7886823356147745,,0.21480836236933798,0.4029055690072639,0.6830870279146142,0.2857142857142857
3.0,0.3532934131736527,0.20761041009463724,0.7653223226260414,,0.2245644599303136,0.4013005109150023,0.6467065868263473,0.2909090909090909
4.0,0.35857805255023184,0.18633418417435696,0.7723453502109603,,0.20574912891986064,0.4127299850820487,0.6414219474497682,0.30425219941348974
