Fold,FNR,FPR,auc,optimal threshold,Error Rate,f1,precision,recall
0.0,0.5072697899838449,0.07770402186645842,0.7664679714797392,,0.12402020553910469,0.46142208774583965,0.4927302100161551,0.43385490753911804
1.0,0.5579937304075235,0.07289829512051735,0.7769549168016601,,0.12680717645009582,0.436532507739938,0.44200626959247646,0.43119266055045874
2.0,0.4614121510673235,0.09179497174040148,0.7709682828769651,,0.13101045296167246,0.4659090909090909,0.5385878489326765,0.41051314142678347
3.0,0.5374251497005988,0.08813091482649842,0.7629017890874403,,0.14041811846689894,0.4339887640449438,0.4625748502994012,0.4087301587301587
4.0,0.517774343122102,0.07579030041233065,0.7562671254390135,,0.12560975609756098,0.4639405204460966,0.482225656877898,0.4469914040114613
