,Model,FNR,FPR,auc,f1,recall,precision,Error Rate,sensitivity,specificity,accuracy
0,../data/SelectedFeatures/Model1/RFECV.csv,0.5934489402697495,0.05885350318471338,0.7690612765853,0.43912591050988553,0.47737556561085975,0.40655105973025046,0.12128712871287128,0.40655105973025046,0.9411464968152866,0.8787128712871287
